"Fecha","Último","Apertura","Máximo","Mínimo","% var."
"30.05.2024","15,407","15,407","15,407","15,407","-0,90%"
"28.05.2024","15,547","15,547","15,547","15,547","-0,09%"
"27.05.2024","15,562","15,562","15,562","15,562","0,00%"
"24.05.2024","15,562","15,562","15,562","15,562","-0,10%"
"23.05.2024","15,578","15,578","15,578","15,578","-0,06%"
"20.05.2024","15,587","15,587","15,587","15,587","0,20%"
"16.05.2024","15,556","15,556","15,556","15,556","0,33%"
"15.05.2024","15,506","15,506","15,506","15,506","0,63%"
"14.05.2024","15,409","15,409","15,409","15,409","0,06%"
"13.05.2024","15,400","15,400","15,400","15,400","-0,15%"
"10.05.2024","15,423","15,423","15,423","15,423","0,30%"
"09.05.2024","15,377","15,377","15,377","15,377","0,15%"
"08.05.2024","15,354","15,354","15,354","15,354","0,04%"
"07.05.2024","15,349","15,349","15,349","15,349","0,78%"
"06.05.2024","15,230","15,230","15,230","15,230","0,63%"
"03.05.2024","15,134","15,134","15,134","15,134","0,97%"
"02.05.2024","14,989","14,989","14,989","14,989","-0,68%"
"30.04.2024","15,092","15,092","15,092","15,092","-0,48%"
"29.04.2024","15,165","15,165","15,165","15,165","-0,06%"
"26.04.2024","15,174","15,174","15,174","15,174","1,71%"
"25.04.2024","14,919","14,919","14,919","14,919","-1,04%"
"24.04.2024","15,076","15,076","15,076","15,076","0,06%"
"23.04.2024","15,068","15,068","15,068","15,068","1,01%"
"22.04.2024","14,918","14,918","14,918","14,918","0,32%"
"19.04.2024","14,871","14,871","14,871","14,871","-1,06%"
"18.04.2024","15,031","15,031","15,031","15,031","0,15%"
"17.04.2024","15,009","15,009","15,009","15,009","-0,89%"
"16.04.2024","15,144","15,144","15,144","15,144","-0,80%"
"15.04.2024","15,265","15,265","15,265","15,265","-0,57%"
"12.04.2024","15,352","15,352","15,352","15,352","-0,00%"
"11.04.2024","15,353","15,353","15,353","15,353","0,46%"
"10.04.2024","15,282","15,282","15,282","15,282","0,45%"
"09.04.2024","15,214","15,214","15,214","15,214","-0,29%"
"08.04.2024","15,257","15,257","15,257","15,257","-0,06%"
"05.04.2024","15,266","15,266","15,266","15,266","0,10%"
"04.04.2024","15,250","15,250","15,250","15,250","-0,46%"
"03.04.2024","15,322","15,322","15,322","15,322","-0,16%"
"02.04.2024","15,346","15,346","15,346","15,346","-0,92%"
"01.04.2024","15,489","15,489","15,489","15,489","0,73%"
"27.03.2024","15,376","15,376","15,376","15,376","0,33%"
"26.03.2024","15,325","15,325","15,325","15,325","0,01%"
"25.03.2024","15,324","15,324","15,324","15,324","-0,44%"
"22.03.2024","15,391","15,391","15,391","15,391","0,10%"
"21.03.2024","15,376","15,376","15,376","15,376","1,38%"
"20.03.2024","15,167","15,167","15,167","15,167","0,23%"
"19.03.2024","15,132","15,132","15,132","15,132","0,31%"
"18.03.2024","15,084","15,084","15,084","15,084","0,94%"
"15.03.2024","14,944","14,944","14,944","14,944","-0,74%"
"14.03.2024","15,056","15,056","15,056","15,056","0,27%"
"13.03.2024","15,015","15,015","15,015","15,015","-0,15%"
"12.03.2024","15,038","15,038","15,038","15,038","0,97%"
"11.03.2024","14,893","14,893","14,893","14,893","-0,32%"
"08.03.2024","14,941","14,941","14,941","14,941","-0,25%"
"07.03.2024","14,978","14,978","14,978","14,978","0,39%"
"06.03.2024","14,919","14,919","14,919","14,919","0,20%"
"05.03.2024","14,890","14,890","14,890","14,890","-0,93%"
"04.03.2024","15,030","15,030","15,030","15,030","-0,12%"
"01.03.2024","15,047","15,047","15,047","15,047","0,49%"
"29.02.2024","14,974","14,974","14,974","14,974","0,64%"
"28.02.2024","14,880","14,880","14,880","14,880","0,06%"
"27.02.2024","14,871","14,871","14,871","14,871","-0,03%"
"26.02.2024","14,876","14,876","14,876","14,876","-0,53%"
"23.02.2024","14,956","14,956","14,956","14,956","0,29%"
"22.02.2024","14,912","14,912","14,912","14,912","1,98%"
"21.02.2024","14,622","14,622","14,622","14,622","-0,08%"
"20.02.2024","14,635","14,635","14,635","14,635","-0,94%"
"19.02.2024","14,773","14,773","14,773","14,773","-0,19%"
"16.02.2024","14,801","14,801","14,801","14,801","-0,07%"
"15.02.2024","14,812","14,812","14,812","14,812","0,31%"
"14.02.2024","14,767","14,767","14,767","14,767","0,42%"
"13.02.2024","14,705","14,705","14,705","14,705","-0,95%"
"12.02.2024","14,847","14,847","14,847","14,847","0,43%"
"09.02.2024","14,783","14,783","14,783","14,783","0,43%"
"08.02.2024","14,720","14,720","14,720","14,720","0,04%"
"07.02.2024","14,714","14,714","14,714","14,714","0,66%"
"06.02.2024","14,618","14,618","14,618","14,618","0,15%"
"05.02.2024","14,595","14,595","14,595","14,595","0,14%"
"02.02.2024","14,575","14,575","14,575","14,575","2,08%"
"01.02.2024","14,278","14,278","14,278","14,278","-0,05%"
"31.01.2024","14,285","14,285","14,285","14,285","-1,00%"
"30.01.2024","14,430","14,430","14,430","14,430","0,16%"
"29.01.2024","14,407","14,407","14,407","14,407","0,56%"
"26.01.2024","14,326","14,326","14,326","14,326","-0,06%"
"25.01.2024","14,335","14,335","14,335","14,335","0,64%"
"24.01.2024","14,244","14,244","14,244","14,244","0,18%"
"23.01.2024","14,219","14,219","14,219","14,219","0,37%"
"22.01.2024","14,167","14,167","14,167","14,167","0,75%"
"19.01.2024","14,061","14,061","14,061","14,061","0,87%"
"18.01.2024","13,940","13,940","13,940","13,940","0,66%"
"17.01.2024","13,848","13,848","13,848","13,848","-0,58%"
"16.01.2024","13,930","13,930","13,930","13,930","0,44%"
"15.01.2024","13,869","13,869","13,869","13,869","0,01%"
"12.01.2024","13,868","13,868","13,868","13,868","0,49%"
"11.01.2024","13,800","13,800","13,800","13,800","-0,18%"
"10.01.2024","13,826","13,826","13,826","13,826","0,07%"
"09.01.2024","13,816","13,816","13,816","13,816","0,45%"
"08.01.2024","13,754","13,754","13,754","13,754","0,75%"
"05.01.2024","13,652","13,652","13,652","13,652","-0,03%"
"04.01.2024","13,656","13,656","13,656","13,656","-0,35%"
"03.01.2024","13,705","13,705","13,705","13,705","-0,43%"
"02.01.2024","13,764","13,764","13,764","13,764","0,19%"
"29.12.2023","13,738","13,738","13,738","13,738","-0,03%"
"28.12.2023","13,741","13,741","13,741","13,741","0,51%"
"27.12.2023","13,672","13,672","13,672","13,672","-0,31%"
"26.12.2023","13,714","13,714","13,714","13,714","0,20%"
"21.12.2023","13,687","13,687","13,687","13,687","-0,42%"
"20.12.2023","13,745","13,745","13,745","13,745","-0,29%"
"19.12.2023","13,785","13,785","13,785","13,785","-0,02%"
"18.12.2023","13,787","13,787","13,787","13,787","0,22%"
"15.12.2023","13,757","13,757","13,757","13,757","0,87%"
"14.12.2023","13,639","13,639","13,639","13,639","-0,35%"
"13.12.2023","13,687","13,687","13,687","13,687","0,32%"
"12.12.2023","13,643","13,643","13,643","13,643","0,16%"
"11.12.2023","13,622","13,622","13,622","13,622","1,08%"
"07.12.2023","13,476","13,476","13,476","13,476","0,32%"
"05.12.2023","13,433","13,433","13,433","13,433","0,40%"
"04.12.2023","13,380","13,380","13,380","13,380","-0,07%"
"01.12.2023","13,390","13,390","13,390","13,390","0,74%"
"30.11.2023","13,292","13,292","13,292","13,292","0,81%"
"29.11.2023","13,185","13,185","13,185","13,185","0,13%"
"28.11.2023","13,168","13,168","13,168","13,168","-0,25%"
"27.11.2023","13,201","13,201","13,201","13,201","-0,19%"
"24.11.2023","13,226","13,226","13,226","13,226","-0,36%"
"23.11.2023","13,274","13,274","13,274","13,274","-0,14%"
"22.11.2023","13,293","13,293","13,293","13,293","0,77%"
"21.11.2023","13,192","13,192","13,192","13,192","0,11%"
"20.11.2023","13,177","13,177","13,177","13,177","0,39%"
"17.11.2023","13,126","13,126","13,126","13,126","-0,27%"
"16.11.2023","13,161","13,161","13,161","13,161","-0,21%"
"15.11.2023","13,189","13,189","13,189","13,189","0,48%"
"14.11.2023","13,126","13,126","13,126","13,126","0,34%"
"13.11.2023","13,081","13,081","13,081","13,081","0,22%"
"10.11.2023","13,053","13,053","13,053","13,053","0,66%"
"09.11.2023","12,968","12,968","12,968","12,968","-0,03%"
"08.11.2023","12,971","12,971","12,971","12,971","-0,09%"
"07.11.2023","12,983","12,983","12,983","12,983","0,56%"
"06.11.2023","12,911","12,911","12,911","12,911","0,12%"
"03.11.2023","12,895","12,895","12,895","12,895","0,23%"
"02.11.2023","12,865","12,865","12,865","12,865","2,65%"
"31.10.2023","12,533","12,533","12,533","12,533","0,97%"
"30.10.2023","12,413","12,413","12,413","12,413","0,20%"
"27.10.2023","12,388","12,388","12,388","12,388","-0,49%"
"26.10.2023","12,449","12,449","12,449","12,449","-1,13%"
"25.10.2023","12,591","12,591","12,591","12,591","-1,02%"
"24.10.2023","12,720","12,720","12,720","12,720","1,06%"
"23.10.2023","12,586","12,586","12,586","12,586","-0,51%"
"20.10.2023","12,651","12,651","12,651","12,651","-1,70%"
"19.10.2023","12,870","12,870","12,870","12,870","-1,11%"
"18.10.2023","13,015","13,015","13,015","13,015","-0,80%"
"17.10.2023","13,121","13,121","13,121","13,121","-0,32%"
"16.10.2023","13,162","13,162","13,162","13,162","0,57%"
"13.10.2023","13,087","13,087","13,087","13,087","-0,04%"
"10.10.2023","13,093","13,093","13,093","13,093","0,77%"
"09.10.2023","12,993","12,993","12,993","12,993","0,83%"
"06.10.2023","12,886","12,886","12,886","12,886","0,75%"
"05.10.2023","12,789","12,789","12,789","12,789","-0,46%"
"04.10.2023","12,849","12,849","12,849","12,849","0,21%"
"03.10.2023","12,822","12,822","12,822","12,822","-1,29%"
"02.10.2023","12,990","12,990","12,990","12,990","0,53%"
"29.09.2023","12,921","12,921","12,921","12,921","-0,01%"
"28.09.2023","12,922","12,922","12,922","12,922","0,06%"
"27.09.2023","12,914","12,914","12,914","12,914","0,46%"
"26.09.2023","12,855","12,855","12,855","12,855","-1,03%"
"25.09.2023","12,988","12,988","12,988","12,988","0,37%"
"22.09.2023","12,940","12,940","12,940","12,940","-0,04%"
"21.09.2023","12,946","12,946","12,946","12,946","-1,93%"
"20.09.2023","13,201","13,201","13,201","13,201","-0,23%"
"19.09.2023","13,232","13,232","13,232","13,232","-0,43%"
"18.09.2023","13,289","13,289","13,289","13,289","-0,25%"
"15.09.2023","13,322","13,322","13,322","13,322","-1,08%"
"14.09.2023","13,467","13,467","13,467","13,467","1,25%"
"13.09.2023","13,301","13,301","13,301","13,301","0,22%"
"12.09.2023","13,273","13,273","13,273","13,273","-0,28%"
"11.09.2023","13,310","13,310","13,310","13,310","0,02%"
"08.09.2023","13,307","13,307","13,307","13,307","0,26%"
"07.09.2023","13,273","13,273","13,273","13,273","-0,09%"
"06.09.2023","13,285","13,285","13,285","13,285","-0,86%"
"05.09.2023","13,400","13,400","13,400","13,400","0,26%"
"04.09.2023","13,365","13,365","13,365","13,365","-0,14%"
"01.09.2023","13,385","13,385","13,385","13,385","0,48%"
"31.08.2023","13,321","13,321","13,321","13,321","0,79%"
"30.08.2023","13,217","13,217","13,217","13,217","0,15%"
"29.08.2023","13,197","13,197","13,197","13,197","1,09%"
"28.08.2023","13,055","13,055","13,055","13,055","0,32%"
"25.08.2023","13,013","13,013","13,013","13,013","0,21%"
"24.08.2023","12,986","12,986","12,986","12,986","-0,48%"
"23.08.2023","13,048","13,048","13,048","13,048","0,92%"
"22.08.2023","12,929","12,929","12,929","12,929","0,64%"
"21.08.2023","12,846","12,846","12,846","12,846","0,20%"
"18.08.2023","12,821","12,821","12,821","12,821","-0,44%"
"17.08.2023","12,877","12,877","12,877","12,877","-0,82%"
"16.08.2023","12,983","12,983","12,983","12,983","-1,24%"
"14.08.2023","13,146","13,146","13,146","13,146","0,85%"
"11.08.2023","13,035","13,035","13,035","13,035","-0,24%"
"10.08.2023","13,066","13,066","13,066","13,066","0,09%"
"09.08.2023","13,055","13,055","13,055","13,055","-0,50%"
"08.08.2023","13,120","13,120","13,120","13,120","-0,02%"
"07.08.2023","13,122","13,122","13,122","13,122","0,15%"
"04.08.2023","13,103","13,103","13,103","13,103","-0,47%"
"03.08.2023","13,164","13,164","13,164","13,164","-0,49%"
"02.08.2023","13,229","13,229","13,229","13,229","-1,00%"
"01.08.2023","13,363","13,363","13,363","13,363","-0,07%"
"31.07.2023","13,372","13,372","13,372","13,372","0,20%"
"28.07.2023","13,346","13,346","13,346","13,346","0,17%"
"27.07.2023","13,323","13,323","13,323","13,323","0,94%"
"26.07.2023","13,199","13,199","13,199","13,199","-0,36%"
"25.07.2023","13,247","13,247","13,247","13,247","0,36%"
"24.07.2023","13,199","13,199","13,199","13,199","0,77%"
"21.07.2023","13,098","13,098","13,098","13,098","0,11%"
"20.07.2023","13,084","13,084","13,084","13,084","-0,07%"
"19.07.2023","13,094","13,094","13,094","13,094","0,77%"
"18.07.2023","12,994","12,994","12,994","12,994","0,69%"
"17.07.2023","12,905","12,905","12,905","12,905","0,17%"
"14.07.2023","12,883","12,883","12,883","12,883","0,04%"
"13.07.2023","12,877","12,877","12,877","12,877","-0,12%"
"12.07.2023","12,893","12,893","12,893","12,893","-0,05%"
"11.07.2023","12,900","12,900","12,900","12,900","0,52%"
"10.07.2023","12,833","12,833","12,833","12,833","-0,25%"
"07.07.2023","12,865","12,865","12,865","12,865","-0,68%"
"06.07.2023","12,952","12,952","12,952","12,952","-1,25%"
"05.07.2023","13,116","13,116","13,116","13,116","0,13%"
"04.07.2023","13,099","13,099","13,099","13,099","0,24%"
"03.07.2023","13,067","13,067","13,067","13,067","0,11%"
"30.06.2023","13,053","13,053","13,053","13,053","0,84%"
"29.06.2023","12,945","12,945","12,945","12,945","0,79%"
"28.06.2023","12,843","12,843","12,843","12,843","0,58%"
"27.06.2023","12,769","12,769","12,769","12,769","0,36%"
"26.06.2023","12,723","12,723","12,723","12,723","-0,44%"
"23.06.2023","12,780","12,780","12,780","12,780","0,01%"
"22.06.2023","12,778","12,778","12,778","12,778","0,36%"
"21.06.2023","12,733","12,733","12,733","12,733","-0,90%"
"20.06.2023","12,849","12,849","12,849","12,849","-0,40%"
"19.06.2023","12,901","12,901","12,901","12,901","-0,11%"
"16.06.2023","12,915","12,915","12,915","12,915","-0,04%"
"15.06.2023","12,921","12,921","12,921","12,921","0,18%"
"14.06.2023","12,897","12,897","12,897","12,897","-0,10%"
"13.06.2023","12,909","12,909","12,909","12,909","0,61%"
"12.06.2023","12,831","12,831","12,831","12,831","0,58%"
"09.06.2023","12,757","12,757","12,757","12,757","0,48%"
"08.06.2023","12,697","12,697","12,697","12,697","-0,17%"
"07.06.2023","12,719","12,719","12,719","12,719","-0,38%"
"06.06.2023","12,767","12,767","12,767","12,767","0,26%"
"05.06.2023","12,734","12,734","12,734","12,734","-0,03%"
"02.06.2023","12,738","12,738","12,738","12,738","1,87%"
"01.06.2023","12,505","12,505","12,505","12,505","0,38%"
"31.05.2023","12,457","12,457","12,457","12,457","-0,22%"
"30.05.2023","12,485","12,485","12,485","12,485","-0,15%"
"29.05.2023","12,504","12,504","12,504","12,504","0,26%"
"26.05.2023","12,472","12,472","12,472","12,472","1,37%"
"25.05.2023","12,303","12,303","12,303","12,303","1,03%"
"24.05.2023","12,178","12,178","12,178","12,178","-0,95%"
"23.05.2023","12,296","12,296","12,296","12,296","-0,42%"
"22.05.2023","12,347","12,347","12,347","12,347","0,01%"
"19.05.2023","12,346","12,346","12,346","12,346","-0,30%"
"18.05.2023","12,384","12,384","12,384","12,384","1,63%"
"17.05.2023","12,185","12,185","12,185","12,185","1,00%"
"16.05.2023","12,064","12,064","12,064","12,064","-0,31%"
"15.05.2023","12,102","12,102","12,102","12,102","0,06%"
"12.05.2023","12,094","12,094","12,094","12,094","0,41%"
"11.05.2023","12,045","12,045","12,045","12,045","0,46%"
"10.05.2023","11,990","11,990","11,990","11,990","0,20%"
"09.05.2023","11,965","11,965","11,965","11,965","0,10%"
"08.05.2023","11,954","11,954","11,954","11,954","0,17%"
"05.05.2023","11,934","11,934","11,934","11,934","1,71%"
"04.05.2023","11,733","11,733","11,733","11,733","-0,56%"
"03.05.2023","11,799","11,799","11,799","11,799","-0,81%"
"02.05.2023","11,895","11,895","11,895","11,895","-0,95%"
"28.04.2023","12,010","12,010","12,010","12,010","1,00%"
"27.04.2023","11,891","11,891","11,891","11,891","1,48%"
"26.04.2023","11,718","11,718","11,718","11,718","-1,08%"
"25.04.2023","11,846","11,846","11,846","11,846","-0,53%"
"24.04.2023","11,910","11,910","11,910","11,910","-0,47%"
"21.04.2023","11,967","11,967","11,967","11,967","-0,16%"
"20.04.2023","11,986","11,986","11,986","11,986","-0,58%"
"19.04.2023","12,056","12,056","12,056","12,056","0,08%"
"18.04.2023","12,046","12,046","12,046","12,046","-0,21%"
"17.04.2023","12,071","12,071","12,071","12,071","0,86%"
"14.04.2023","11,968","11,968","11,968","11,968","0,41%"
"13.04.2023","11,920","11,920","11,920","11,920","0,42%"
"12.04.2023","11,870","11,870","11,870","11,870","-0,98%"
"11.04.2023","11,988","11,988","11,988","11,988","0,00%"
"10.04.2023","11,987","11,987","11,987","11,987","0,41%"
"06.04.2023","11,939","11,939","11,939","11,939","0,14%"
"05.04.2023","11,922","11,922","11,922","11,922","0,03%"
"04.04.2023","11,918","11,918","11,918","11,918","-0,88%"
"03.04.2023","12,024","12,024","12,024","12,024","1,72%"
"30.03.2023","11,821","11,821","11,821","11,821","0,17%"
"29.03.2023","11,801","11,801","11,801","11,801","1,26%"
"28.03.2023","11,654","11,654","11,654","11,654","-0,67%"
"27.03.2023","11,733","11,733","11,733","11,733","0,17%"
"24.03.2023","11,713","11,713","11,713","11,713","0,63%"
"23.03.2023","11,640","11,640","11,640","11,640","0,18%"
"22.03.2023","11,619","11,619","11,619","11,619","-1,64%"
"21.03.2023","11,812","11,812","11,812","11,812","0,90%"
"20.03.2023","11,707","11,707","11,707","11,707","0,21%"
"17.03.2023","11,682","11,682","11,682","11,682","-1,44%"
"16.03.2023","11,853","11,853","11,853","11,853","1,53%"
"15.03.2023","11,674","11,674","11,674","11,674","0,49%"
"14.03.2023","11,617","11,617","11,617","11,617","1,34%"
"13.03.2023","11,463","11,463","11,463","11,463","-1,11%"
"10.03.2023","11,592","11,592","11,592","11,592","-2,24%"
"09.03.2023","11,858","11,858","11,858","11,858","-1,33%"
"08.03.2023","12,018","12,018","12,018","12,018","0,00%"
"07.03.2023","12,018","12,018","12,018","12,018","-0,47%"
"06.03.2023","12,074","12,074","12,074","12,074","0,07%"
"03.03.2023","12,065","12,065","12,065","12,065","1,50%"
"02.03.2023","11,887","11,887","11,887","11,887","0,99%"
"01.03.2023","11,770","11,770","11,770","11,770","-1,39%"
"28.02.2023","11,937","11,937","11,937","11,937","0,00%"
"27.02.2023","11,937","11,937","11,937","11,937","-0,48%"
"23.02.2023","11,994","11,994","11,994","11,994","0,31%"
"22.02.2023","11,957","11,957","11,957","11,957","0,15%"
"21.02.2023","11,939","11,939","11,939","11,939","-1,38%"
"20.02.2023","12,106","12,106","12,106","12,106","0,06%"
"17.02.2023","12,098","12,098","12,098","12,098","-0,99%"
"16.02.2023","12,220","12,220","12,220","12,220","-0,76%"
"15.02.2023","12,313","12,313","12,313","12,313","0,80%"
"14.02.2023","12,215","12,215","12,215","12,215","-0,25%"
"13.02.2023","12,246","12,246","12,246","12,246","0,79%"
"10.02.2023","12,149","12,149","12,149","12,149","0,17%"
"09.02.2023","12,129","12,129","12,129","12,129","-0,73%"
"08.02.2023","12,217","12,217","12,217","12,217","-0,42%"
"07.02.2023","12,269","12,269","12,269","12,269","0,62%"
"06.02.2023","12,194","12,194","12,194","12,194","-0,21%"
"03.02.2023","12,220","12,220","12,220","12,220","0,34%"
"02.02.2023","12,179","12,179","12,179","12,179","2,53%"
"01.02.2023","11,879","11,879","11,879","11,879","-0,04%"
"31.01.2023","11,883","11,883","11,883","11,883","0,79%"
"30.01.2023","11,790","11,790","11,790","11,790","-0,98%"
"27.01.2023","11,906","11,906","11,906","11,906","0,80%"
"26.01.2023","11,811","11,811","11,811","11,811","1,34%"
"25.01.2023","11,655","11,655","11,655","11,655","-0,59%"
"24.01.2023","11,724","11,724","11,724","11,724","-0,27%"
"23.01.2023","11,756","11,756","11,756","11,756","1,42%"
"20.01.2023","11,591","11,591","11,591","11,591","1,30%"
"19.01.2023","11,442","11,442","11,442","11,442","-1,43%"
"18.01.2023","11,608","11,608","11,608","11,608","-1,21%"
"17.01.2023","11,750","11,750","11,750","11,750","0,11%"
"16.01.2023","11,737","11,737","11,737","11,737","0,27%"
"13.01.2023","11,706","11,706","11,706","11,706","0,21%"
"11.01.2023","11,682","11,682","11,682","11,682","1,04%"
"10.01.2023","11,561","11,561","11,561","11,561","-0,02%"
"09.01.2023","11,563","11,563","11,563","11,563","0,72%"
"05.01.2023","11,480","11,480","11,480","11,480","-0,32%"
"04.01.2023","11,517","11,517","11,517","11,517","0,28%"
"03.01.2023","11,485","11,485","11,485","11,485","-0,03%"
"02.01.2023","11,488","11,488","11,488","11,488","1,09%"
"30.12.2022","11,363","11,363","11,363","11,363","-0,71%"
"29.12.2022","11,445","11,445","11,445","11,445","0,98%"
"28.12.2022","11,334","11,334","11,334","11,334","-0,77%"
"27.12.2022","11,422","11,422","11,422","11,422","-0,40%"
"26.12.2022","11,468","11,468","11,468","11,468","0,00%"
"25.12.2022","11,468","11,468","11,468","11,468","0,00%"
"24.12.2022","11,468","11,468","11,468","11,468","0,00%"
"23.12.2022","11,468","11,468","11,468","11,468","0,31%"
"22.12.2022","11,433","11,433","11,433","11,433","-1,43%"
"21.12.2022","11,599","11,599","11,599","11,599","1,71%"
"20.12.2022","11,404","11,404","11,404","11,404","-0,25%"
"19.12.2022","11,433","11,433","11,433","11,433","-0,92%"
"18.12.2022","11,539","11,539","11,539","11,539","0,00%"
"17.12.2022","11,539","11,539","11,539","11,539","0,00%"
"16.12.2022","11,539","11,539","11,539","11,539","-3,31%"
"14.12.2022","11,933","11,933","11,933","11,933","-0,77%"
"13.12.2022","12,026","12,026","12,026","12,026","0,32%"
"12.12.2022","11,987","11,987","11,987","11,987","0,81%"
"11.12.2022","11,890","11,890","11,890","11,890","0,00%"
"10.12.2022","11,890","11,890","11,890","11,890","0,00%"
"09.12.2022","11,890","11,890","11,890","11,890","-0,25%"
"08.12.2022","11,919","11,919","11,919","11,919","0,31%"
"07.12.2022","11,883","11,883","11,883","11,883","-1,92%"
"05.12.2022","12,116","12,116","12,116","12,116","-1,09%"
"02.12.2022","12,249","12,249","12,249","12,249","-0,49%"
"30.11.2022","12,310","12,310","12,310","12,310","1,53%"
"29.11.2022","12,125","12,125","12,125","12,125","-0,41%"
"28.11.2022","12,175","12,175","12,175","12,175","-0,86%"
"25.11.2022","12,280","12,280","12,280","12,280","-0,02%"
"23.11.2022","12,283","12,283","12,283","12,283","0,01%"
"22.11.2022","12,281","12,281","12,281","12,281","0,65%"
"21.11.2022","12,202","12,202","12,202","12,202","0,44%"
"18.11.2022","12,149","12,149","12,149","12,149","0,89%"
"17.11.2022","12,041","12,041","12,041","12,041","-0,33%"
"16.11.2022","12,081","12,081","12,081","12,081","-1,16%"
"15.11.2022","12,223","12,223","12,223","12,223","0,64%"
"14.11.2022","12,145","12,145","12,145","12,145","-0,24%"
"11.11.2022","12,174","12,174","12,174","12,174","-0,36%"
"10.11.2022","12,218","12,218","12,218","12,218","3,00%"
"09.11.2022","11,862","11,862","11,862","11,862","-1,28%"
"08.11.2022","12,017","12,017","12,017","12,017","0,41%"
"07.11.2022","11,968","11,968","11,968","11,968","0,36%"
"04.11.2022","11,925","11,925","11,925","11,925","-1,26%"
"03.11.2022","12,077","12,077","12,077","12,077","-0,63%"
"02.11.2022","12,154","12,154","12,154","12,154","-1,79%"
"31.10.2022","12,376","12,376","12,376","12,376","0,42%"
"28.10.2022","12,323","12,323","12,323","12,323","1,73%"
"27.10.2022","12,113","12,113","12,113","12,113","0,50%"
"26.10.2022","12,053","12,053","12,053","12,053","-0,92%"
"25.10.2022","12,166","12,166","12,166","12,166","1,09%"
"24.10.2022","12,035","12,035","12,035","12,035","1,19%"
"21.10.2022","11,894","11,894","11,894","11,894","0,39%"
"20.10.2022","11,847","11,847","11,847","11,847","-0,92%"
"19.10.2022","11,957","11,957","11,957","11,957","0,03%"
"18.10.2022","11,954","11,954","11,954","11,954","0,82%"
"17.10.2022","11,856","11,856","11,856","11,856","0,86%"
"14.10.2022","11,755","11,755","11,755","11,755","-1,17%"
"13.10.2022","11,894","11,894","11,894","11,894","0,93%"
"11.10.2022","11,785","11,785","11,785","11,785","-0,93%"
"10.10.2022","11,896","11,896","11,896","11,896","-0,45%"
"07.10.2022","11,950","11,950","11,950","11,950","-2,48%"
"06.10.2022","12,253","12,253","12,253","12,253","0,41%"
"05.10.2022","12,203","12,203","12,203","12,203","3,52%"
"30.09.2022","11,788","11,788","11,788","11,788","-0,87%"
"29.09.2022","11,892","11,892","11,892","11,892","-2,80%"
"28.09.2022","12,234","12,234","12,234","12,234","0,76%"
"27.09.2022","12,142","12,142","12,142","12,142","-0,42%"
"26.09.2022","12,194","12,194","12,194","12,194","-0,45%"
"23.09.2022","12,249","12,249","12,249","12,249","-2,24%"
"21.09.2022","12,529","12,529","12,529","12,529","0,57%"
"20.09.2022","12,457","12,457","12,457","12,457","-0,38%"
"19.09.2022","12,505","12,505","12,505","12,505","0,43%"
"16.09.2022","12,451","12,451","12,451","12,451","-1,47%"
"15.09.2022","12,636","12,636","12,636","12,636","-1,09%"
"14.09.2022","12,775","12,775","12,775","12,775","-0,05%"
"13.09.2022","12,782","12,782","12,782","12,782","-2,44%"
"12.09.2022","13,102","13,102","13,102","13,102","0,12%"
"09.09.2022","13,085","13,085","13,085","13,085","1,12%"
"08.09.2022","12,941","12,941","12,941","12,941","0,82%"
"07.09.2022","12,836","12,836","12,836","12,836","0,79%"
"06.09.2022","12,736","12,736","12,736","12,736","-0,74%"
"05.09.2022","12,831","12,831","12,831","12,831","-0,17%"
"02.09.2022","12,853","12,853","12,853","12,853","-0,03%"
"01.09.2022","12,857","12,857","12,857","12,857","0,39%"
"31.08.2022","12,806","12,806","12,806","12,806","-1,19%"
"30.08.2022","12,960","12,960","12,960","12,960","-1,55%"
"29.08.2022","13,164","13,164","13,164","13,164","-1,20%"
"26.08.2022","13,324","13,324","13,324","13,324","-2,43%"
"25.08.2022","13,656","13,656","13,656","13,656","1,23%"
"24.08.2022","13,490","13,490","13,490","13,490","0,19%"
"23.08.2022","13,465","13,465","13,465","13,465","-0,74%"
"22.08.2022","13,566","13,566","13,566","13,566","-1,08%"
"19.08.2022","13,714","13,714","13,714","13,714","-0,99%"
"18.08.2022","13,851","13,851","13,851","13,851","1,12%"
"17.08.2022","13,698","13,698","13,698","13,698","-1,01%"
"16.08.2022","13,838","13,838","13,838","13,838","1,77%"
"12.08.2022","13,596","13,596","13,596","13,596","1,95%"
"11.08.2022","13,337","13,337","13,337","13,337","-0,15%"
"10.08.2022","13,357","13,357","13,357","13,357","1,09%"
"09.08.2022","13,212","13,212","13,212","13,212","-0,79%"
"08.08.2022","13,317","13,317","13,317","13,317","0,28%"
"05.08.2022","13,280","13,280","13,280","13,280","0,14%"
"04.08.2022","13,261","13,261","13,261","13,261","-0,77%"
"03.08.2022","13,364","13,364","13,364","13,364","1,39%"
"02.08.2022","13,181","13,181","13,181","13,181","0,08%"
"01.08.2022","13,170","13,170","13,170","13,170","-0,17%"
"31.07.2022","13,193","13,193","13,193","13,193","1,10%"
"28.07.2022","13,049","13,049","13,049","13,049","1,59%"
"27.07.2022","12,845","12,845","12,845","12,845","1,47%"
"26.07.2022","12,659","12,659","12,659","12,659","-0,18%"
"25.07.2022","12,681","12,681","12,681","12,681","-0,14%"
"22.07.2022","12,699","12,699","12,699","12,699","-0,25%"
"21.07.2022","12,731","12,731","12,731","12,731","0,43%"
"20.07.2022","12,677","12,677","12,677","12,677","1,42%"
"19.07.2022","12,500","12,500","12,500","12,500","1,12%"
"18.07.2022","12,361","12,361","12,361","12,361","-0,95%"
"15.07.2022","12,479","12,479","12,479","12,479","1,57%"
"14.07.2022","12,286","12,286","12,286","12,286","-0,23%"
"13.07.2022","12,315","12,315","12,315","12,315","-1,00%"
"12.07.2022","12,439","12,439","12,439","12,439","-0,53%"
"11.07.2022","12,505","12,505","12,505","12,505","1,75%"
"08.07.2022","12,290","12,290","12,290","12,290","-1,62%"
"07.07.2022","12,493","12,493","12,493","12,493","1,70%"
"06.07.2022","12,285","12,285","12,285","12,285","1,48%"
"05.07.2022","12,105","12,105","12,105","12,105","1,32%"
"04.07.2022","11,947","11,947","11,947","11,947","0,29%"
"01.07.2022","11,913","11,913","11,913","11,913","1,35%"
"30.06.2022","11,754","11,754","11,754","11,754","-1,06%"
"29.06.2022","11,880","11,880","11,880","11,880","-0,88%"
"27.06.2022","11,985","11,985","11,985","11,985","-0,29%"
"24.06.2022","12,020","12,020","12,020","12,020","2,57%"
"23.06.2022","11,718","11,718","11,718","11,718","1,19%"
"22.06.2022","11,581","11,581","11,581","11,581","-0,08%"
"21.06.2022","11,590","11,590","11,590","11,590","1,75%"
"20.06.2022","11,392","11,392","11,392","11,392","0,19%"
"17.06.2022","11,370","11,370","11,370","11,370","-3,23%"
"15.06.2022","11,750","11,750","11,750","11,750","1,26%"
"14.06.2022","11,604","11,604","11,604","11,604","-0,73%"
"13.06.2022","11,689","11,689","11,689","11,689","-3,06%"
"10.06.2022","12,059","12,059","12,059","12,059","-2,69%"
"09.06.2022","12,392","12,392","12,392","12,392","-1,88%"
"07.06.2022","12,630","12,630","12,630","12,630","0,55%"
"06.06.2022","12,560","12,560","12,560","12,560","0,61%"
"03.06.2022","12,484","12,484","12,484","12,484","-0,94%"
"02.06.2022","12,602","12,602","12,602","12,602","0,41%"
"31.05.2022","12,550","12,550","12,550","12,550","-0,68%"
"30.05.2022","12,636","12,636","12,636","12,636","0,17%"
"27.05.2022","12,615","12,615","12,615","12,615","2,25%"
"26.05.2022","12,337","12,337","12,337","12,337","1,62%"
"25.05.2022","12,141","12,141","12,141","12,141","1,80%"
"24.05.2022","11,926","11,926","11,926","11,926","-0,81%"
"20.05.2022","12,023","12,023","12,023","12,023","0,02%"
"19.05.2022","12,020","12,020","12,020","12,020","-2,00%"
"18.05.2022","12,266","12,266","12,266","12,266","-2,50%"
"17.05.2022","12,580","12,580","12,580","12,580","0,54%"
"16.05.2022","12,512","12,512","12,512","12,512","-0,58%"
"13.05.2022","12,584","12,584","12,584","12,584","2,03%"
"12.05.2022","12,333","12,333","12,333","12,333","0,49%"
"11.05.2022","12,273","12,273","12,273","12,273","-0,48%"
"10.05.2022","12,333","12,333","12,333","12,333","0,20%"
"09.05.2022","12,309","12,309","12,309","12,309","-3,11%"
"06.05.2022","12,704","12,704","12,704","12,704","-0,85%"
"05.05.2022","12,813","12,813","12,813","12,813","-1,78%"
"04.05.2022","13,046","13,046","13,046","13,046","0,87%"
"03.05.2022","12,933","12,933","12,933","12,933","0,31%"
"02.05.2022","12,894","12,894","12,894","12,894","-2,57%"
"28.04.2022","13,233","13,233","13,233","13,233","2,13%"
"27.04.2022","12,957","12,957","12,957","12,957","0,75%"
"26.04.2022","12,861","12,861","12,861","12,861","-1,11%"
"25.04.2022","13,006","13,006","13,006","13,006","0,26%"
"22.04.2022","12,972","12,972","12,972","12,972","-2,46%"
"21.04.2022","13,299","13,299","13,299","13,299","-0,86%"
"20.04.2022","13,415","13,415","13,415","13,415","-0,42%"
"19.04.2022","13,472","13,472","13,472","13,472","1,12%"
"18.04.2022","13,322","13,322","13,322","13,322","0,24%"
"14.04.2022","13,290","13,290","13,290","13,290","-0,32%"
"13.04.2022","13,333","13,333","13,333","13,333","0,11%"
"12.04.2022","13,317","13,317","13,317","13,317","0,50%"
"11.04.2022","13,251","13,251","13,251","13,251","-1,80%"
"08.04.2022","13,495","13,495","13,495","13,495","0,16%"
"07.04.2022","13,472","13,472","13,472","13,472","0,34%"
"06.04.2022","13,427","13,427","13,427","13,427","-1,34%"
"05.04.2022","13,609","13,609","13,609","13,609","-0,39%"
"04.04.2022","13,663","13,663","13,663","13,663","1,33%"
"31.03.2022","13,484","13,484","13,484","13,484","-0,26%"
"30.03.2022","13,519","13,519","13,519","13,519","-1,02%"
"29.03.2022","13,658","13,658","13,658","13,658","0,57%"
"28.03.2022","13,580","13,580","13,580","13,580","0,54%"
"25.03.2022","13,507","13,507","13,507","13,507","0,62%"
"24.03.2022","13,424","13,424","13,424","13,424","0,96%"
"23.03.2022","13,297","13,297","13,297","13,297","-0,64%"
"22.03.2022","13,383","13,383","13,383","13,383","0,87%"
"21.03.2022","13,267","13,267","13,267","13,267","0,56%"
"18.03.2022","13,194","13,194","13,194","13,194","1,70%"
"17.03.2022","12,973","12,973","12,973","12,973","0,55%"
"16.03.2022","12,903","12,903","12,903","12,903","1,60%"
"15.03.2022","12,699","12,699","12,699","12,699","1,68%"
"14.03.2022","12,490","12,490","12,490","12,490","-1,36%"
"11.03.2022","12,661","12,661","12,661","12,661","0,15%"
"10.03.2022","12,642","12,642","12,642","12,642","0,12%"
"09.03.2022","12,627","12,627","12,627","12,627","0,80%"
"08.03.2022","12,527","12,527","12,527","12,527","-1,68%"
"07.03.2022","12,741","12,741","12,741","12,741","-1,57%"
"04.03.2022","12,944","12,944","12,944","12,944","0,14%"
"03.03.2022","12,926","12,926","12,926","12,926","-0,06%"
"02.03.2022","12,933","12,933","12,933","12,933","1,54%"
"01.03.2022","12,737","12,737","12,737","12,737","-0,49%"
"28.02.2022","12,799","12,799","12,799","12,799","0,49%"
"25.02.2022","12,736","12,736","12,736","12,736","2,20%"
"24.02.2022","12,462","12,462","12,462","12,462","1,27%"
"23.02.2022","12,307","12,307","12,307","12,307","-1,37%"
"22.02.2022","12,478","12,478","12,478","12,478","0,01%"
"21.02.2022","12,477","12,477","12,477","12,477","-1,06%"
"18.02.2022","12,610","12,610","12,610","12,610","-2,18%"
"16.02.2022","12,891","12,891","12,891","12,891","-0,18%"
"15.02.2022","12,915","12,915","12,915","12,915","0,99%"
"14.02.2022","12,787","12,787","12,787","12,787","-0,51%"
"11.02.2022","12,853","12,853","12,853","12,853","-1,08%"
"10.02.2022","12,994","12,994","12,994","12,994","0,11%"
"08.02.2022","12,979","12,979","12,979","12,979","0,87%"
"07.02.2022","12,866","12,866","12,866","12,866","0,07%"
"04.02.2022","12,858","12,858","12,858","12,858","-0,11%"
"03.02.2022","12,872","12,872","12,872","12,872","-2,98%"
"02.02.2022","13,268","13,268","13,268","13,268","0,54%"
"01.02.2022","13,196","13,196","13,196","13,196","0,59%"
"31.01.2022","13,119","13,119","13,119","13,119","1,46%"
"28.01.2022","12,931","12,931","12,931","12,931","1,22%"
"27.01.2022","12,775","12,775","12,775","12,775","0,27%"
"26.01.2022","12,740","12,740","12,740","12,740","1,00%"
"25.01.2022","12,615","12,615","12,615","12,615","-0,17%"
"24.01.2022","12,637","12,637","12,637","12,637","-1,23%"
"21.01.2022","12,794","12,794","12,794","12,794","-2,21%"
"20.01.2022","13,083","13,083","13,083","13,083","-0,23%"
"19.01.2022","13,113","13,113","13,113","13,113","-0,87%"
"18.01.2022","13,228","13,228","13,228","13,228","-1,09%"
"17.01.2022","13,374","13,374","13,374","13,374","0,33%"
"14.01.2022","13,330","13,330","13,330","13,330","-0,35%"
"13.01.2022","13,377","13,377","13,377","13,377","-1,05%"
"12.01.2022","13,519","13,519","13,519","13,519","-0,17%"
"11.01.2022","13,542","13,542","13,542","13,542","0,77%"
"10.01.2022","13,439","13,439","13,439","13,439","-0,36%"
"07.01.2022","13,487","13,487","13,487","13,487","-1,46%"
"05.01.2022","13,688","13,688","13,688","13,688","-1,47%"
"04.01.2022","13,892","13,892","13,892","13,892","0,18%"
"03.01.2022","13,867","13,867","13,867","13,867","0,52%"
"31.12.2021","13,796","13,796","13,796","13,796","-0,48%"
"30.12.2021","13,863","13,863","13,863","13,863","0,26%"
"29.12.2021","13,828","13,828","13,828","13,828","0,07%"
"28.12.2021","13,819","13,819","13,819","13,819","0,90%"
"24.12.2021","13,696","13,696","13,696","13,696","0,07%"
"23.12.2021","13,685","13,685","13,685","13,685","0,84%"
"22.12.2021","13,571","13,571","13,571","13,571","0,83%"
"21.12.2021","13,459","13,459","13,459","13,459","1,70%"
"20.12.2021","13,233","13,233","13,233","13,233","-1,90%"
"17.12.2021","13,490","13,490","13,490","13,490","-0,34%"
"16.12.2021","13,536","13,536","13,536","13,536","-0,28%"
"15.12.2021","13,574","13,574","13,574","13,574","0,71%"
"14.12.2021","13,479","13,479","13,479","13,479","-0,64%"
"13.12.2021","13,567","13,567","13,567","13,567","-0,39%"
"10.12.2021","13,620","13,620","13,620","13,620","0,23%"
"09.12.2021","13,589","13,589","13,589","13,589","-0,42%"
"07.12.2021","13,647","13,647","13,647","13,647","3,67%"
"03.12.2021","13,164","13,164","13,164","13,164","-0,96%"
"02.12.2021","13,291","13,291","13,291","13,291","0,38%"
"01.12.2021","13,241","13,241","13,241","13,241","-0,24%"
"30.11.2021","13,273","13,273","13,273","13,273","-1,82%"
"29.11.2021","13,519","13,519","13,519","13,519","1,37%"
"26.11.2021","13,336","13,336","13,336","13,336","-3,33%"
"25.11.2021","13,795","13,795","13,795","13,795","0,09%"
"24.11.2021","13,784","13,784","13,784","13,784","0,78%"
"23.11.2021","13,677","13,677","13,677","13,677","-0,53%"
"22.11.2021","13,750","13,750","13,750","13,750","0,41%"
"19.11.2021","13,694","13,694","13,694","13,694","0,62%"
"18.11.2021","13,610","13,610","13,610","13,610","-0,32%"
"17.11.2021","13,653","13,653","13,653","13,653","-0,22%"
"16.11.2021","13,683","13,683","13,683","13,683","0,95%"
"15.11.2021","13,554","13,554","13,554","13,554","0,63%"
"12.11.2021","13,469","13,469","13,469","13,469","0,72%"
"11.11.2021","13,373","13,373","13,373","13,373","0,17%"
"10.11.2021","13,350","13,350","13,350","13,350","0,31%"
"09.11.2021","13,309","13,309","13,309","13,309","-0,43%"
"08.11.2021","13,366","13,366","13,366","13,366","-0,10%"
"05.11.2021","13,380","13,380","13,380","13,380","0,33%"
"04.11.2021","13,336","13,336","13,336","13,336","1,04%"
"03.11.2021","13,200","13,200","13,200","13,200","0,62%"
"29.10.2021","13,119","13,119","13,119","13,119","1,26%"
"28.10.2021","12,955","12,955","12,955","12,955","0,02%"
"27.10.2021","12,953","12,953","12,953","12,953","-0,58%"
"26.10.2021","13,028","13,028","13,028","13,028","0,49%"
"25.10.2021","12,965","12,965","12,965","12,965","0,79%"
"22.10.2021","12,863","12,863","12,863","12,863","-0,16%"
"21.10.2021","12,883","12,883","12,883","12,883","0,34%"
"20.10.2021","12,839","12,839","12,839","12,839","0,27%"
"19.10.2021","12,805","12,805","12,805","12,805","0,53%"
"18.10.2021","12,737","12,737","12,737","12,737","0,24%"
"15.10.2021","12,706","12,706","12,706","12,706","0,73%"
"14.10.2021","12,614","12,614","12,614","12,614","1,72%"
"13.10.2021","12,401","12,401","12,401","12,401","-0,66%"
"11.10.2021","12,484","12,484","12,484","12,484","-0,31%"
"08.10.2021","12,523","12,523","12,523","12,523","-0,41%"
"07.10.2021","12,575","12,575","12,575","12,575","1,48%"
"06.10.2021","12,391","12,391","12,391","12,391","1,68%"
"04.10.2021","12,186","12,186","12,186","12,186","-1,38%"
"01.10.2021","12,356","12,356","12,356","12,356","0,32%"
"30.09.2021","12,316","12,316","12,316","12,316","-0,65%"
"29.09.2021","12,396","12,396","12,396","12,396","0,85%"
"28.09.2021","12,291","12,291","12,291","12,291","-1,92%"
"27.09.2021","12,531","12,531","12,531","12,531","0,02%"
"24.09.2021","12,528","12,528","12,528","12,528","0,18%"
"23.09.2021","12,506","12,506","12,506","12,506","0,82%"
"22.09.2021","12,404","12,404","12,404","12,404","1,15%"
"21.09.2021","12,263","12,263","12,263","12,263","-1,70%"
"17.09.2021","12,475","12,475","12,475","12,475","-0,38%"
"16.09.2021","12,523","12,523","12,523","12,523","0,33%"
"15.09.2021","12,482","12,482","12,482","12,482","0,47%"
"14.09.2021","12,423","12,423","12,423","12,423","-0,36%"
"13.09.2021","12,468","12,468","12,468","12,468","0,06%"
"10.09.2021","12,461","12,461","12,461","12,461","-0,69%"
"09.09.2021","12,548","12,548","12,548","12,548","-0,28%"
"08.09.2021","12,583","12,583","12,583","12,583","-0,01%"
"07.09.2021","12,584","12,584","12,584","12,584","-0,25%"
"06.09.2021","12,616","12,616","12,616","12,616","0,21%"
"03.09.2021","12,590","12,590","12,590","12,590","-0,10%"
"02.09.2021","12,603","12,603","12,603","12,603","0,00%"
"01.09.2021","12,603","12,603","12,603","12,603","-0,19%"
"31.08.2021","12,627","12,627","12,627","12,627","-0,14%"
"30.08.2021","12,645","12,645","12,645","12,645","0,37%"
"27.08.2021","12,598","12,598","12,598","12,598","0,41%"
"26.08.2021","12,547","12,547","12,547","12,547","-0,37%"
"25.08.2021","12,594","12,594","12,594","12,594","0,11%"
"24.08.2021","12,580","12,580","12,580","12,580","0,07%"
"23.08.2021","12,571","12,571","12,571","12,571","0,59%"
"20.08.2021","12,497","12,497","12,497","12,497","0,66%"
"19.08.2021","12,415","12,415","12,415","12,415","-0,02%"
"18.08.2021","12,418","12,418","12,418","12,418","-0,70%"
"17.08.2021","12,505","12,505","12,505","12,505","0,10%"
"16.08.2021","12,492","12,492","12,492","12,492","0,14%"
"13.08.2021","12,475","12,475","12,475","12,475","-0,34%"
"12.08.2021","12,518","12,518","12,518","12,518","0,35%"
"11.08.2021","12,474","12,474","12,474","12,474","0,01%"
"10.08.2021","12,473","12,473","12,473","12,473","0,26%"
"09.08.2021","12,441","12,441","12,441","12,441","0,11%"
"06.08.2021","12,427","12,427","12,427","12,427","0,79%"
"05.08.2021","12,329","12,329","12,329","12,329","0,59%"
"04.08.2021","12,257","12,257","12,257","12,257","0,02%"
"03.08.2021","12,254","12,254","12,254","12,254","0,42%"
"02.08.2021","12,203","12,203","12,203","12,203","-0,06%"
"30.07.2021","12,210","12,210","12,210","12,210","-0,38%"
"29.07.2021","12,257","12,257","12,257","12,257","0,02%"
"28.07.2021","12,255","12,255","12,255","12,255","0,01%"
"27.07.2021","12,254","12,254","12,254","12,254","-0,70%"
"26.07.2021","12,340","12,340","12,340","12,340","-0,06%"
"23.07.2021","12,347","12,347","12,347","12,347","1,06%"
"22.07.2021","12,218","12,218","12,218","12,218","0,43%"
"21.07.2021","12,166","12,166","12,166","12,166","0,65%"
"20.07.2021","12,088","12,088","12,088","12,088","0,07%"
"16.07.2021","12,080","12,080","12,080","12,080","-0,59%"
"15.07.2021","12,152","12,152","12,152","12,152","-0,12%"
"14.07.2021","12,167","12,167","12,167","12,167","-0,05%"
"12.07.2021","12,173","12,173","12,173","12,173","3,39%"
"09.07.2021","11,774","11,774","11,774","11,774","-1,97%"
"08.07.2021","12,011","12,011","12,011","12,011","-1,31%"
"07.07.2021","12,170","12,170","12,170","12,170","0,65%"
"06.07.2021","12,092","12,092","12,092","12,092","0,02%"
"05.07.2021","12,090","12,090","12,090","12,090","0,10%"
"02.07.2021","12,078","12,078","12,078","12,078","0,58%"
"01.07.2021","12,008","12,008","12,008","12,008","0,52%"
"30.06.2021","11,946","11,946","11,946","11,946","0,36%"
"29.06.2021","11,903","11,903","11,903","11,903","0,39%"
"28.06.2021","11,857","11,857","11,857","11,857","0,24%"
"25.06.2021","11,829","11,829","11,829","11,829","0,29%"
"24.06.2021","11,795","11,795","11,795","11,795","0,51%"
"23.06.2021","11,735","11,735","11,735","11,735","0,07%"
"22.06.2021","11,727","11,727","11,727","11,727","0,48%"
"21.06.2021","11,671","11,671","11,671","11,671","-0,17%"
"17.06.2021","11,691","11,691","11,691","11,691","0,75%"
"16.06.2021","11,604","11,604","11,604","11,604","0,61%"
"15.06.2021","11,534","11,534","11,534","11,534","-0,14%"
"14.06.2021","11,550","11,550","11,550","11,550","0,03%"
"11.06.2021","11,547","11,547","11,547","11,547","1,09%"
"08.06.2021","11,423","11,423","11,423","11,423","0,14%"
"07.06.2021","11,407","11,407","11,407","11,407","-0,24%"
"04.06.2021","11,435","11,435","11,435","11,435","0,45%"
"03.06.2021","11,384","11,384","11,384","11,384","0,31%"
"02.06.2021","11,349","11,349","11,349","11,349","0,21%"
"01.06.2021","11,325","11,325","11,325","11,325","0,05%"
"31.05.2021","11,319","11,319","11,319","11,319","-0,36%"
"28.05.2021","11,360","11,360","11,360","11,360","0,37%"
"26.05.2021","11,318","11,318","11,318","11,318","1,18%"
"20.05.2021","11,186","11,186","11,186","11,186","1,00%"
"19.05.2021","11,075","11,075","11,075","11,075","-0,54%"
"18.05.2021","11,135","11,135","11,135","11,135","-0,92%"
"17.05.2021","11,238","11,238","11,238","11,238","-0,43%"
"14.05.2021","11,286","11,286","11,286","11,286","1,02%"
"13.05.2021","11,172","11,172","11,172","11,172","0,77%"
"12.05.2021","11,087","11,087","11,087","11,087","-1,17%"
"11.05.2021","11,218","11,218","11,218","11,218","-1,35%"
"10.05.2021","11,371","11,371","11,371","11,371","-0,30%"
"06.05.2021","11,405","11,405","11,405","11,405","-0,12%"
"05.05.2021","11,419","11,419","11,419","11,419","-0,06%"
"03.05.2021","11,426","11,426","11,426","11,426","-0,19%"
"30.04.2021","11,448","11,448","11,448","11,448","0,25%"
"29.04.2021","11,420","11,420","11,420","11,420","0,12%"
"27.04.2021","11,406","11,406","11,406","11,406","-0,10%"
"26.04.2021","11,417","11,417","11,417","11,417","0,39%"
"23.04.2021","11,373","11,373","11,373","11,373","0,12%"
"22.04.2021","11,359","11,359","11,359","11,359","-0,25%"
"21.04.2021","11,387","11,387","11,387","11,387","0,87%"
"20.04.2021","11,289","11,289","11,289","11,289","-0,83%"
"19.04.2021","11,383","11,383","11,383","11,383","0,26%"
"14.04.2021","11,354","11,354","11,354","11,354","-0,42%"
"13.04.2021","11,402","11,402","11,402","11,402","0,02%"
"12.04.2021","11,400","11,400","11,400","11,400","0,09%"
"09.04.2021","11,390","11,390","11,390","11,390","0,84%"
"07.04.2021","11,295","11,295","11,295","11,295","-0,01%"
"06.04.2021","11,296","11,296","11,296","11,296","0,20%"